{"categorylv1":"Family & Relationships","categorylv2":[["gs_family_marriage",1531.723468244076],["gs_family_children",1213.392567066742],["gs_health_exercise",1106.2705508850909],["gs_entertain_music",1058.4383951382977],["gs_education_university",967.1926196424026]],"keywords":{"30":0.157,"ch\u1ee7_nhi\u1ec7m":0.157,"c\u00f4_gi\u00e1o":0.157,"d\u1ea1y":0.157,"gi\u00e1o_d\u1ee5c":0.19,"gi\u00e1o_vi\u00ean":0.123,"gi\u00fap":0.123,"h\u1ea1nh_ph\u00fac":0.157,"h\u1ecdc_sinh":0.439,"k\u1ebft_qu\u1ea3":0.123,"nghi\u00eam_kh\u1eafc":0.123,"nguy\u1ec5n_b\u1ec9nh_khi\u00eam":0.123,"ni\u1ec1m":0.123,"ph\u1ee5_huynh":0.252,"qu\u00e3ng":0.157,"sai":0.123,"th\u1ea7y":0.157,"tim":0.281,"tr\u00f2":0.123,"\u1ed1m":0.123},"summarize":"M\u1ecdi ng\u01b0\u1eddi c\u0169ng tin r\u1eb1ng c\u00e1ch gi\u00e1o d\u1ee5c nghi\u00eam kh\u1eafc, chu\u1ea9n m\u1ef1c c\u00f3 th\u1ec3 r\u00e8n gi\u0169a ch\u00fang t\u00f4i th\u00e0nh t\u00e0i, tr\u1edf th\u00e0nh ng\u01b0\u1eddi c\u00f3 \u00edch cho x\u00e3 h\u1ed9i. Ngay c\u1ea3 t\u00f4i, t\u00f4i c\u0169ng tin nh\u01b0 v\u1eady. Ch\u00ednh v\u00ec th\u1ebf, t\u00f4i b\u01b0\u1edbc v\u00e0o ngh\u1ec1 v\u1edbi m\u1ee5c ti\u00eau s\u1ebd l\u00e0 m\u1ed9t gi\u00e1o vi\u00ean nghi\u00eam kh\u1eafc, ch\u0103m ch\u1ec9 \u0111\u1ec3 d\u1ea1y h\u1ecdc sinh th\u00e0nh tr\u00f2 xu\u1ea5t s\u1eafc. Sau khi t\u1ed1t nghi\u1ec7p t\u1ea1i \u0110\u1ea1i h\u1ecdc S\u01b0 ph\u1ea1m H\u00e0 N\u1ed9i, khoa Gi\u00e1o d\u1ee5c ti\u1ec3u h\u1ecdc n\u0103m 2011, t\u00f4i xin v\u00e0o l\u00e0m t\u1ea1i tr\u01b0\u1eddng Nguy\u1ec5n B\u1ec9nh Khi\u00eam. Ch\u1ec9 sau m\u1ed9t n\u0103m r\u00e8n gi\u0169a v\u00e0 t\u00edch c\u1ef1c h\u1ecdc h\u1ecfi, t\u00f4i \u0111\u01b0\u1ee3c tin t\u01b0\u1edfng, ph\u00e2n c\u00f4ng ch\u1ee7 nhi\u1ec7m l\u1edbp 1.","text":"C\u00f4 B\u00edch Ng\u1ecdc, 29 tu\u1ed5i, ch\u1ee7 nhi\u1ec7m l\u1edbp 1A1, chia s\u1ebb qu\u00e1 tr\u00ecnh thay \u0111\u1ed5i v\u00ec h\u1ecdc sinh t\u1ea1i h\u1ed9i th\u1ea3o \"X\u00e2y d\u1ef1ng tr\u01b0\u1eddng h\u1ecdc h\u1ea1nh ph\u00fac v\u00ec s\u1ef1 ph\u00e1t tri\u1ec3n c\u1ee7a m\u1ed7i h\u1ecdc sinh\" do H\u1ec7 th\u1ed1ng gi\u00e1o d\u1ee5c Nguy\u1ec5n B\u1ec9nh Khi\u00eam - C\u1ea7u Gi\u1ea5y t\u1ed5 ch\u1ee9c s\u00e1ng 29/10.\u00a0 Tr\u01b0\u1edbc \u0111\u00e2y, khi t\u00f4i c\u00f2n \u0111i h\u1ecdc, m\u1ed9t l\u1edbp h\u1ecdc \u0111\u00e1ng t\u1ef1 h\u00e0o l\u00e0 c\u00f3 nhi\u1ec1u h\u1ecdc sinh \u0111\u1ea1t th\u00e0nh t\u00edch cao, c\u00f4 gi\u00e1o gi\u1ecfi v\u00e0 nghi\u00eam kh\u1eafc, ph\u1ee5 huynh g\u1eedi con \u0111\u1ebfn tr\u01b0\u1eddng \u0111\u1ec3 y\u00ean t\u00e2m lao \u0111\u1ed9ng. M\u1ecdi ng\u01b0\u1eddi c\u0169ng tin r\u1eb1ng c\u00e1ch gi\u00e1o d\u1ee5c nghi\u00eam kh\u1eafc, chu\u1ea9n m\u1ef1c c\u00f3 th\u1ec3 r\u00e8n gi\u0169a ch\u00fang t\u00f4i th\u00e0nh t\u00e0i, tr\u1edf th\u00e0nh ng\u01b0\u1eddi c\u00f3 \u00edch cho x\u00e3 h\u1ed9i. Ngay c\u1ea3 t\u00f4i, t\u00f4i c\u0169ng tin nh\u01b0 v\u1eady. Ch\u00ednh v\u00ec th\u1ebf, t\u00f4i b\u01b0\u1edbc v\u00e0o ngh\u1ec1 v\u1edbi m\u1ee5c ti\u00eau s\u1ebd l\u00e0 m\u1ed9t gi\u00e1o vi\u00ean nghi\u00eam kh\u1eafc, ch\u0103m ch\u1ec9 \u0111\u1ec3 d\u1ea1y h\u1ecdc sinh th\u00e0nh tr\u00f2 xu\u1ea5t s\u1eafc.\u00a0 Sau khi t\u1ed1t nghi\u1ec7p t\u1ea1i \u0110\u1ea1i h\u1ecdc S\u01b0 ph\u1ea1m H\u00e0 N\u1ed9i, khoa Gi\u00e1o d\u1ee5c ti\u1ec3u h\u1ecdc n\u0103m 2011, t\u00f4i xin v\u00e0o l\u00e0m t\u1ea1i tr\u01b0\u1eddng Nguy\u1ec5n B\u1ec9nh Khi\u00eam. Ch\u1ec9 sau m\u1ed9t n\u0103m r\u00e8n gi\u0169a v\u00e0 t\u00edch c\u1ef1c h\u1ecdc h\u1ecfi, t\u00f4i \u0111\u01b0\u1ee3c tin t\u01b0\u1edfng, ph\u00e2n c\u00f4ng ch\u1ee7 nhi\u1ec7m l\u1edbp 1. T\u00f4i th\u00ec h\u1ed3 h\u1edfi nh\u01b0ng m\u1ecdi s\u1ef1 kh\u1edfi \u0111\u1ea7u \u0111\u00e3 kh\u00f4ng nh\u01b0 t\u00f4i t\u01b0\u1edfng t\u01b0\u1ee3ng. H\u00e0ng ng\u00e0y t\u00f4i ph\u1ea3i \u0111\u1ed1i m\u1eb7t v\u1edbi 30 h\u1ecdc sinh, 30 c\u00e1 t\u00ednh. D\u01b0\u1eddng nh\u01b0 ng\u00e0y n\u00e0o t\u00f4i c\u0169ng b\u1ecb \"xoay\" nh\u01b0 chong ch\u00f3ng. Tr\u1ebb con qu\u00e1 b\u00e9 b\u1ecfng, ngo\u00e0i vi\u1ec7c t\u1eadp \u0111\u1ecdc, t\u1eadp vi\u1ebft th\u00ec hay th\u01b0a g\u1eedi, ki\u1ec7n c\u00e1o t\u1eeb vi\u1ec7c nh\u1ecf nh\u1ea5t, l\u00fac th\u00ec \"b\u1ea1n n\u00e0y l\u1ea5y b\u00fat c\u1ee7a con\", l\u00fac th\u00ec \"c\u00f4 \u01a1i con mu\u1ed1n \u0111i v\u1ec7 sinh\", \"c\u00f4 \u01a1i b\u1ea1n \u0111\u00e1nh con\"... R\u1ed3i t\u00f4i ph\u1ea3i chu\u1ea9n b\u1ecb \u0111\u1ea7y \u0111\u1ee7 h\u1ed3 s\u01a1 s\u1ed5 s\u00e1ch theo \u0111\u00fang quy \u0111\u1ecbnh c\u1ee7a m\u1ed9t gi\u00e1o vi\u00ean.\u00a0 M\u1ed9t tu\u1ea7n l\u1ec5, t\u00f4i ch\u1ec9 ng\u1ee7 tr\u1ecdn v\u1eb9n hai \u0111\u00eam l\u00e0 th\u1ee9 b\u1ea3y v\u00e0 ch\u1ee7 nh\u1eadt, c\u00f2n nh\u1eefng \u0111\u00eam kh\u00e1c t\u00f4i ph\u1ea3i th\u1ee9c \u0111\u1ec3 so\u1ea1n b\u00e0i, r\u1ed3i ch\u1ea5m b\u00e0i h\u1ecdc sinh v\u00e0 r\u1ea5t nhi\u1ec1u c\u00f4ng vi\u1ec7c kh\u00f4ng t\u00ean kh\u00e1c. M\u1edbi m\u1ed9t th\u00e1ng nh\u1eadn l\u1edbp m\u00e0 tr\u00f4ng t\u00f4i \u0111\u00e3 thay \u0111\u1ed5i, b\u01a1 ph\u1edd, m\u1ec7t m\u1ecfi, \u0111\u00e3 v\u1eady c\u00f2n t\u00e1c \u0111\u1ed9ng t\u1eeb ph\u00eda ph\u1ee5 huynh h\u1ecdc sinh. Ph\u1ee5 huynh d\u01b0\u1eddng nh\u01b0 kh\u00f4ng c\u00f3 s\u1ef1 tin t\u01b0\u1edfng khi t\u00f4i h\u00e0ng ng\u00e0y \u0111\u1ebfn l\u1edbp. H\u1ecd kh\u00f4ng n\u00f3i th\u1eb3ng v\u1edbi t\u00f4i \u0111i\u1ec1u \u0111\u00f3 m\u00e0 thi tho\u1ea3ng l\u1ea1i h\u1ecfi theo ki\u1ec3u \"C\u00f4 tr\u1ebb th\u1ebf m\u00e0 \u0111\u00e3 \u0111\u1ee9ng l\u1edbp \u00e0\", hay \"C\u00f4 c\u00f3 ph\u1ea3i con ch\u00e1u c\u1ee7a hi\u1ec7u tr\u01b0\u1edfng kh\u00f4ng\". T\u00f4i \u1ea5m \u1ee9c l\u1eafm, l\u00e0 do m\u00ecnh qu\u00e1 tr\u1ebb n\u00ean h\u1ecd c\u00f3 quy\u1ec1n nghi ho\u1eb7c m\u00ecnh v\u1eady sao? Vi\u1ec7c \u0111\u00f3 \u0111\u00e3 th\u00e0nh m\u1ed9t \u00e1p l\u1ef1c v\u00f4 h\u00ecnh khi\u1ebfn cho t\u00f4i c\u00e0ng mu\u1ed1n kh\u1eb3ng \u0111\u1ecbnh b\u1ea3n th\u00e2n m\u1ea1nh m\u1ebd. T\u00f4i mu\u1ed1n chinh ph\u1ee5c \u0111\u01b0\u1ee3c ph\u1ee5 huynh. T\u00f4i b\u1eaft \u0111\u1ea7u t\u1eeb vi\u1ec7c ph\u1ea3i l\u00e0m cho c\u00e1c h\u1ecdc sinh tr\u1edf th\u00e0nh tr\u00f2 ngoan, tr\u00f2 gi\u1ecfi, c\u00f3 k\u1ebft qu\u1ea3 h\u1ecdc t\u1eadp cao. T\u00f4i qu\u1ea3 th\u1ef1c c\u0169ng \u0111\u00e3 \u0111\u1ea1t \u0111\u01b0\u1ee3c k\u1ebft qu\u1ea3 nh\u01b0 t\u00f4i mong \u0111\u1ee3i: h\u1ecdc sinh ti\u1ebfn b\u1ed9 v\u1ec1 \u0111i\u1ec3m s\u1ed1 theo t\u1eebng tu\u1ea7n, t\u1eebng th\u00e1ng. T\u1eeb \u0111\u00f3 t\u00f4i l\u1ea1i c\u00e0ng tin c\u00e1ch gi\u00e1o d\u1ee5c c\u1ee7a m\u00ecnh l\u00e0 \u0111\u00fang \u0111\u1eafn. T\u00f4i kh\u00f4ng h\u1ec1 bi\u1ebft, c\u00f3 m\u1ed9t c\u01a1n b\u00e3o \u0111ang \u1edf \u0111\u1eb1ng sau c\u00e1i t\u01b0\u1edfng ch\u1eebng l\u00e0 th\u00e0nh c\u00f4ng \u0111\u00f3. Ph\u1ee5 huynh l\u1edbp t\u00f4i \u0111\u00e3 kh\u00f4ng h\u1ec1 h\u00e0i l\u00f2ng nh\u01b0 t\u00f4i t\u01b0\u1edfng. \u0110i\u1ec3m 9-10 con h\u1ecd mang v\u1ec1 nh\u00e0 nhi\u1ec1u l\u00ean t\u1ef7 l\u1ec7 thu\u1eadn v\u1edbi s\u1ef1 c\u0103ng th\u1eb3ng. T\u00f4i qu\u00ean m\u1ea5t tr\u1ebb con c\u1ea7n \u0111\u01b0\u1ee3c vui. Ph\u1ee5 huynh b\u1ee9c x\u00fac, b\u1eaft \u0111\u1ea7u l\u00ean ti\u1ebfng. \u0110\u1ec9nh \u0111i\u1ec3m nh\u1ea5t l\u00e0 khi c\u1ea3 nh\u00e0 m\u1ed9t h\u1ecdc sinh trong l\u1edbp, g\u1ed3m c\u1ea3 \u00f4ng, b\u00e0, b\u1ed1 m\u1eb9 k\u00e9o \u0111\u1ebfn th\u1eb3ng ph\u00f2ng th\u1ea7y Nguy\u1ec5n V\u0103n H\u00f2a (Ch\u1ee7 t\u1ecbch H\u1ed9i \u0111\u1ed3ng qu\u1ea3n tr\u1ecb, nh\u00e0 s\u00e1ng l\u1eadp h\u1ec7 th\u1ed1ng gi\u00e1o d\u1ee5c Nguy\u1ec5n B\u1ec9nh Khi\u00eam) b\u00e0y t\u1ecf b\u1ea5t b\u00ecnh. H\u1ecd th\u1ef1c s\u1ef1 kh\u00f4ng mu\u1ed1n t\u00f4i l\u00e0m vi\u1ec7c v\u1edbi con ch\u00e1u h\u1ecd v\u00e0 v\u1edbi t\u1ea5t c\u1ea3 l\u1edbp theo c\u00e1ch nh\u01b0 v\u1eady n\u1eefa. C\u00f4 gi\u00e1o B\u00edch 